{"cameraMode":{"drawMode":0,"name":"Shaded","section":"Shading Mode"},"sceneLighting":false,"audioPlay":false,"sceneViewState":{"m_AlwaysRefresh":false,"showFog":true,"showSkybox":true,"showFlares":true,"showImageEffects":true,"showParticleSystems":true,"showVisualEffectGraphs":true,"m_FxEnabled":false},"in2DMode":false,"pivot":{"x":0.7451996803283691,"y":3.2091422080993654,"z":-1.8232207298278809},"rotation":{"x":-0.015870360657572748,"y":0.9548977017402649,"z":-0.05191132426261902,"w":-0.2919340431690216},"size":4.786895751953125,"orthographic":false}